Page Name,URL
Essentials,https://developers.google.com/search/docs/essentials
Essentials - Technical,https://developers.google.com/search/docs/essentials/technical
Essentials - Spam Policies,https://developers.google.com/search/docs/essentials/spam-policies
Fundamentals - Get On Google,https://developers.google.com/search/docs/fundamentals/get-on-google
Fundamentals - How Search Works,https://developers.google.com/search/docs/fundamentals/how-search-works
Fundamentals - Creating Helpful Content,https://developers.google.com/search/docs/fundamentals/creating-helpful-content
Fundamentals - Seo Starter Guide,https://developers.google.com/search/docs/fundamentals/seo-starter-guide
Fundamentals - Do I Need Seo,https://developers.google.com/search/docs/fundamentals/do-i-need-seo
Fundamentals Get Started,https://developers.google.com/search/docs/fundamentals/get-started
Fundamentals - Get Started Developers,https://developers.google.com/search/docs/fundamentals/get-started-developers
Crawling & Indexing - Overview,https://developers.google.com/search/docs/crawling-indexing
Crawling & Indexing - Indexable File Types,https://developers.google.com/search/docs/crawling-indexing/indexable-file-types
Crawling & Indexing - Url Structure,https://developers.google.com/search/docs/crawling-indexing/url-structure
Crawling & Indexing - Links Crawlable,https://developers.google.com/search/docs/crawling-indexing/links-crawlable
Crawling & Indexing - Sitemaps - Overview,https://developers.google.com/search/docs/crawling-indexing/sitemaps/overview
Crawling & Indexing - Sitemaps - Build Sitemap,https://developers.google.com/search/docs/crawling-indexing/sitemaps/build-sitemap
Crawling & Indexing - Sitemaps - Large Sitemaps,https://developers.google.com/search/docs/crawling-indexing/sitemaps/large-sitemaps
Crawling & Indexing - Sitemaps - Image Sitemaps,https://developers.google.com/search/docs/crawling-indexing/sitemaps/image-sitemaps
Crawling & Indexing - Sitemaps - News Sitemaps,https://developers.google.com/search/docs/crawling-indexing/sitemaps/news-sitemap
Crawling & Indexing - Sitemaps - Video Sitemaps,https://developers.google.com/search/docs/crawling-indexing/sitemaps/video-sitemaps
Crawling & Indexing - Sitemaps - Combine Sitemap Extensions,https://developers.google.com/search/docs/crawling-indexing/sitemaps/combine-sitemap-extensions
Crawling & Indexing - Ask Google To Recrawl,https://developers.google.com/search/docs/crawling-indexing/ask-google-to-recrawl
Crawling & Indexing - Reduce Crawl Rate,https://developers.google.com/search/docs/crawling-indexing/reduce-crawl-rate
Crawling & Indexing - Verifying Googlebot,https://developers.google.com/search/docs/crawling-indexing/verifying-googlebot
Crawling & Indexing - Large Site Managing Crawl Budget,https://developers.google.com/search/docs/crawling-indexing/large-site-managing-crawl-budget
Crawling & Indexing - Http Network Errors,https://developers.google.com/search/docs/crawling-indexing/http-network-errors
Crawling & Indexing - Overview Google Crawlers,https://developers.google.com/search/docs/crawling-indexing/overview-google-crawlers
Crawling & Indexing - Googlebot,https://developers.google.com/search/docs/crawling-indexing/googlebot
Crawling & Indexing - Read Aloud User Agent,https://developers.google.com/search/docs/crawling-indexing/read-aloud-user-agent
Crawling & Indexing - Apis User Agent,https://developers.google.com/search/docs/crawling-indexing/apis-user-agent
Crawling & Indexing - Feedfetcher,https://developers.google.com/search/docs/crawling-indexing/feedfetcher
Crawling & Indexing - Robots - Intro,https://developers.google.com/search/docs/crawling-indexing/robots/intro
Crawling & Indexing - Robots - Create Robots Txt,https://developers.google.com/search/docs/crawling-indexing/robots/create-robots-txt
Crawling & Indexing - Robots - Submit-Updated Robots Txt,https://developers.google.com/search/docs/crawling-indexing/robots/submit-updated-robots-txt
Crawling & Indexing - Robots - Robots_Txt,https://developers.google.com/search/docs/crawling-indexing/robots/robots_txt
Crawling & Indexing - Canonicalization,https://developers.google.com/search/docs/crawling-indexing/canonicalization
Crawling & Indexing - Consolidate Crawling-Indexing Urls,https://developers.google.com/search/docs/crawling-indexing/consolidate-duplicate-urls
Crawling & Indexing - Canonicalization Troubleshooting,https://developers.google.com/search/docs/crawling-indexing/canonicalization-troubleshooting
Crawling & Indexing - Mobile - Mobile-Sites-Mobile Mobile Indexing,https://developers.google.com/search/docs/crawling-indexing/mobile/mobile-sites-mobile-first-indexing
Crawling & Indexing - Amp,https://developers.google.com/search/docs/crawling-indexing/amp
Crawling & Indexing - Amp - About Amp,https://developers.google.com/search/docs/crawling-indexing/amp/about-amp
Crawling & Indexing - Amp - Enhance Amp,https://developers.google.com/search/docs/crawling-indexing/amp/enhance-amp
Crawling & Indexing - Amp - Validate Amp,https://developers.google.com/search/docs/crawling-indexing/amp/validate-amp
Crawling & Indexing - Amp - Remove Amp,https://developers.google.com/search/docs/crawling-indexing/amp/remove-amp
Crawling & Indexing - Javascript - Javascript SEO Basics,https://developers.google.com/search/docs/crawling-indexing/javascript/javascript-seo-basics
Crawling & Indexing - Javascript - Fix Javascript Javascript,https://developers.google.com/search/docs/crawling-indexing/javascript/fix-search-javascript
Crawling & Indexing - Javascript - Lazy Javascript,https://developers.google.com/search/docs/crawling-indexing/javascript/lazy-loading
Crawling & Indexing - Javascript - Dynamic Javascript,https://developers.google.com/search/docs/crawling-indexing/javascript/dynamic-rendering
Crawling & Indexing - Valid Page Metadata,https://developers.google.com/search/docs/crawling-indexing/valid-page-metadata
Crawling & Indexing - Special Tags,https://developers.google.com/search/docs/crawling-indexing/special-tags
Crawling & Indexing - Robots Meta Tag,https://developers.google.com/search/docs/crawling-indexing/robots-meta-tag
Crawling & Indexing - Block Indexing,https://developers.google.com/search/docs/crawling-indexing/block-indexing
Crawling & Indexing - Safesearch,https://developers.google.com/search/docs/crawling-indexing/safesearch
Crawling & Indexing - Qualify Outbound Links,https://developers.google.com/search/docs/crawling-indexing/qualify-outbound-links
Crawling & Indexing - Control What You Share,https://developers.google.com/search/docs/crawling-indexing/control-what-you-share
Crawling & Indexing - Remove Information,https://developers.google.com/search/docs/crawling-indexing/remove-information
Crawling & Indexing - Prevent Images On You Page,https://developers.google.com/search/docs/crawling-indexing/prevent-images-on-your-page
Crawling & Indexing - Keep Redacted Inf Out,https://developers.google.com/search/docs/crawling-indexing/keep-redacted-information-out
Crawling & Indexing - 301 Redirects,https://developers.google.com/search/docs/crawling-indexing/301-redirects
Crawling & Indexing - Site Move No Url Changes,https://developers.google.com/search/docs/crawling-indexing/site-move-no-url-changes
Crawling & Indexing - Site Move With Url Changes,https://developers.google.com/search/docs/crawling-indexing/site-move-with-url-changes
Crawling & Indexing - Website Testing,https://developers.google.com/search/docs/crawling-indexing/website-testing
Crawling & Indexing - Pause Online Business,https://developers.google.com/search/docs/crawling-indexing/pause-online-business
Appearance,https://developers.google.com/search/docs/appearance
Appearance - Publication Dates,https://developers.google.com/search/docs/appearance/publication-dates
Appearance - Favicon In Search,https://developers.google.com/search/docs/appearance/favicon-in-search
Appearance - Featured Snippets,https://developers.google.com/search/docs/appearance/featured-snippets
Appearance - Flexible Sampling,https://developers.google.com/search/docs/appearance/flexible-sampling
Appearance - Google Discover,https://developers.google.com/search/docs/appearance/google-discover
Appearance - Google Images,https://developers.google.com/search/docs/appearance/google-images
Appearance - Establish Business Details,https://developers.google.com/search/docs/appearance/establish-business-details
Appearance - Top Places List,https://developers.google.com/search/docs/appearance/top-places-list
Appearance - Notes And Your Website,https://developers.google.com/search/docs/appearance/notes-and-your-website
Appearance - Page Experience,https://developers.google.com/search/docs/appearance/page-experience
Appearance - Core Web Vitals,https://developers.google.com/search/docs/appearance/core-web-vitals
Appearance - Avoid Intrusive Interstitials,https://developers.google.com/search/docs/appearance/avoid-intrusive-interstitials
Appearance - Signed Exchange,https://developers.google.com/search/docs/appearance/signed-exchange
Appearance - Ranking Systems Guide,https://developers.google.com/search/docs/appearance/ranking-systems-guide
Appearance - Helpful Content System,https://developers.google.com/search/docs/appearance/helpful-content-system
Appearance - Reviews System,https://developers.google.com/search/docs/appearance/reviews-system
Appearance - Site Names,https://developers.google.com/search/docs/appearance/site-names
Appearance - Sitelinks,https://developers.google.com/search/docs/appearance/sitelinks
Appearance - Snippet,https://developers.google.com/search/docs/appearance/snippet
Appearance - Structured Data - Intro Structured Data,https://developers.google.com/search/docs/appearance/structured-data/intro-structured-data
Appearance - Structured Data - Sd Policies,https://developers.google.com/search/docs/appearance/structured-data/sd-policies
Appearance - Enriched Search Results,https://developers.google.com/search/docs/appearance/enriched-search-results
Appearance - Structured Data - Generate Structured Data With Javascript,https://developers.google.com/search/docs/appearance/structured-data/generate-structured-data-with-javascript
Appearance - Structured Data - Search Gallery,https://developers.google.com/search/docs/appearance/structured-data/search-gallery
Appearance - Structured Data - Article,https://developers.google.com/search/docs/appearance/structured-data/article
Appearance - Structured Data - Book,https://developers.google.com/search/docs/appearance/structured-data/book
Appearance - Structured Data - Breadcrumb,https://developers.google.com/search/docs/appearance/structured-data/breadcrumb
Appearance - Structured Data - Carousel,https://developers.google.com/search/docs/appearance/structured-data/carousel
Appearance - Structured Data - Course Info,https://developers.google.com/search/docs/appearance/structured-data/course-info
Appearance - Structured Data - Course,https://developers.google.com/search/docs/appearance/structured-data/course
Appearance - Structured Data - Dataset,https://developers.google.com/search/docs/appearance/structured-data/dataset
Appearance - Structured Data - Discussion Forum,https://developers.google.com/search/docs/appearance/structured-data/discussion-forum
Appearance - Structured Data - Education Qa,https://developers.google.com/search/docs/appearance/structured-data/education-qa
Appearance - Structured Data - Employer Rating,https://developers.google.com/search/docs/appearance/structured-data/employer-rating
Appearance - Structured Data - Estimated Salary,https://developers.google.com/search/docs/appearance/structured-data/estimated-salary
Appearance - Structured Data - Event,https://developers.google.com/search/docs/appearance/structured-data/event
Appearance - Structured Data - Factcheck,https://developers.google.com/search/docs/appearance/structured-data/factcheck
Appearance - Structured Data - Faqpage,https://developers.google.com/search/docs/appearance/structured-data/faqpage
Appearance - Structured Data - Home Activities,https://developers.google.com/search/docs/appearance/structured-data/home-activities
Appearance - Structured Data - Image License Metadata,https://developers.google.com/search/docs/appearance/structured-data/image-license-metadata
Appearance - Structured Data - Job Posting,https://developers.google.com/search/docs/appearance/structured-data/job-posting
Appearance - Structured Data - Learning Video,https://developers.google.com/search/docs/appearance/structured-data/learning-video
Appearance - Structured Data - Local Business,https://developers.google.com/search/docs/appearance/structured-data/local-business
Appearance - Structured Data - Math Solvers,https://developers.google.com/search/docs/appearance/structured-data/math-solvers
Appearance - Structured Data - Movie,https://developers.google.com/search/docs/appearance/structured-data/movie
Appearance - Structured Data - Organization,https://developers.google.com/search/docs/appearance/structured-data/organization
Appearance - Structured Data - Practice Problems,https://developers.google.com/search/docs/appearance/structured-data/practice-problems
Appearance - Structured Data - Product,https://developers.google.com/search/docs/appearance/structured-data/product
Appearance - Structured Data - Profile Page,https://developers.google.com/search/docs/appearance/structured-data/profile-page
Appearance - Structured Data - Qapage,https://developers.google.com/search/docs/appearance/structured-data/qapage
Appearance - Structured Data - Recipe,https://developers.google.com/search/docs/appearance/structured-data/recipe
Appearance - Structured Data - Review Snippet,https://developers.google.com/search/docs/appearance/structured-data/review-snippet
Appearance - Structured Data - Sitelinks Searchbox,https://developers.google.com/search/docs/appearance/structured-data/sitelinks-searchbox
Appearance - Structured Data - Software App,https://developers.google.com/search/docs/appearance/structured-data/software-app
Appearance - Structured Data - Speakable,https://developers.google.com/search/docs/appearance/structured-data/speakable
Appearance - Structured Data - Special Announcements,https://developers.google.com/search/docs/appearance/structured-data/special-announcements
Appearance - Structured Data - Paywalled Content,https://developers.google.com/search/docs/appearance/structured-data/paywalled-content
Appearance - Structured Data - Vacation Rental,https://developers.google.com/search/docs/appearance/structured-data/vacation-rental
Appearance - Structured Data - Vehicle Listing,https://developers.google.com/search/docs/appearance/structured-data/vehicle-listing
Appearance - Structured Data - Video,https://developers.google.com/search/docs/appearance/structured-data/video
Appearance - Title Link,https://developers.google.com/search/docs/appearance/title-link
Appearance - Translated Results,https://developers.google.com/search/docs/appearance/translated-results
Appearance - Ad Network And Translation,https://developers.google.com/search/docs/appearance/ad-network-and-translation
Appearance - Video,https://developers.google.com/search/docs/appearance/video
Appearance - Visual Elements Gallery,https://developers.google.com/search/docs/appearance/visual-elements-gallery
Appearance - Enable Web Stories,https://developers.google.com/search/docs/appearance/enable-web-stories
Appearance - Web Stories Creation Best Practices,https://developers.google.com/search/docs/appearance/web-stories-creation-best-practices
Appearance - Web Stories Content Policy,https://developers.google.com/search/docs/appearance/web-stories-content-policy
Appearance - Package Tracking,https://developers.google.com/search/docs/appearance/package-tracking
Monitor & Debug - Debugging Search Traffic Drops,https://developers.google.com/search/docs/monitor-debug/debugging-search-traffic-drops
Monitor & Debug - Search Console Start,https://developers.google.com/search/docs/monitor-debug/search-console-start
Monitor & Debug - Bubble Chart Analysis,https://developers.google.com/search/docs/monitor-debug/bubble-chart-analysis
Monitor & Debug - Search Operators,https://developers.google.com/search/docs/monitor-debug/search-operators
Monitor & Debug - Search Operators - All Search Site,https://developers.google.com/search/docs/monitor-debug/search-operators/all-search-site
Monitor & Debug - Search Operators - Web Search Cache,https://developers.google.com/search/docs/monitor-debug/search-operators/web-search-cache
Monitor & Debug - Search Operators - Image Search,https://developers.google.com/search/docs/monitor-debug/search-operators/image-search
Monitor & Debug - Security,https://developers.google.com/search/docs/monitor-debug/security
Monitor & Debug - Prevent Abuse,https://developers.google.com/search/docs/monitor-debug/prevent-abuse
Monitor & Debug - Security - Malware,https://developers.google.com/search/docs/monitor-debug/security/malware
Monitor & Debug - Security - Prevent Malware,https://developers.google.com/search/docs/monitor-debug/security/prevent-malware
Monitor & Debug - Security - Social Engineering,https://developers.google.com/search/docs/monitor-debug/security/social-engineering
Monitor & Debug - Security - Safe Browsing Repeat Offenders,https://developers.google.com/search/docs/monitor-debug/security/safe-browsing-repeat-offenders
Ecommerce,https://developers.google.com/search/docs/specialty/ecommerce
Ecommerce - Where Ecommerce Data Can Appear On Google,https://developers.google.com/search/docs/specialty/ecommerce/where-ecommerce-data-can-appear-on-google
Ecommerce - Share Your Product Data With Google,https://developers.google.com/search/docs/specialty/ecommerce/share-your-product-data-with-google
Ecommerce - Include Structured Data Relevant To Ecommerce,https://developers.google.com/search/docs/specialty/ecommerce/include-structured-data-relevant-to-ecommerce
Ecommerce - How To Launch An Ecommerce Website,https://developers.google.com/search/docs/specialty/ecommerce/how-to-launch-an-ecommerce-website
Ecommerce - Write High Quality Reviews,https://developers.google.com/search/docs/specialty/ecommerce/write-high-quality-reviews
Ecommerce - Designing A Url Structure For Ecommerce Sites,https://developers.google.com/search/docs/specialty/ecommerce/designing-a-url-structure-for-ecommerce-sites
Ecommerce - Help Google Understand Your Ecommerce Site Structure,https://developers.google.com/search/docs/specialty/ecommerce/help-google-understand-your-ecommerce-site-structure
Ecommerce - Pagination And Incremental Page Loading,https://developers.google.com/search/docs/specialty/ecommerce/pagination-and-incremental-page-loading
International,https://developers.google.com/search/docs/specialty/international
International - Managing Multi Regional Sites,https://developers.google.com/search/docs/specialty/international/managing-multi-regional-sites
International - Localized Versions,https://developers.google.com/search/docs/specialty/international/localized-versions
International - Locale Adaptive Pages,https://developers.google.com/search/docs/specialty/international/locale-adaptive-pages
Google Algorithm Updates,https://developers.google.com/search/updates